<?xml version="1.0" encoding="UTF-8"?>
<sltp_graph version="1.1" packageUris="http://schema.mathworks.com/mf0/sltp_mm/R2021a_202009111111">
  <sltp.mm.core.Context type="sltp.mm.core.Context" uuid="03445827-e135-4c10-aac0-043e7603ed35">
    <priorityDirection>HighNumberLast</priorityDirection>
    <editorState type="sltp.mm.core.EditorState" uuid="3429ef35-ff8f-40e9-9e53-88ef0319603d">
      <isSynchronized>true</isSynchronized>
      <panelState type="sltp.mm.core.EditorPanelState" uuid="4d0a93cc-e9a0-4489-8f2d-c729ee71b0ac"/>
    </editorState>
    <rootTask type="sltp.mm.core.Task" uuid="0424d78b-3895-4024-9e2a-f96944671cd6">
      <context type="sltp.mm.core.Context" uuid="03445827-e135-4c10-aac0-043e7603ed35"/>
      <explicit>false</explicit>
      <name>Default</name>
      <priority>-2147483648</priority>
      <subgraph type="sltp.mm.core.Graph" uuid="bdd93cde-e9e5-42e3-aaeb-538389775345">
        <tasks type="sltp.mm.core.Task" uuid="c3f8023e-bdef-47e6-aac4-c91653b88294">
          <baseTask>true</baseTask>
          <context type="sltp.mm.core.Context" uuid="03445827-e135-4c10-aac0-043e7603ed35"/>
          <explicit>false</explicit>
          <id>1</id>
          <isTimed>true</isTimed>
          <name>Cont</name>
          <priority>40</priority>
          <rates type="sltp.mm.core.Rate" uuid="b57016a6-e559-44ef-9fdf-520256c9d303">
            <annotation>Cont</annotation>
            <color>255</color>
            <hasBlocks>true</hasBlocks>
            <identifier>Continuous00</identifier>
            <rateSpec type="sltp.mm.core.RateSpec">
              <period>0.0</period>
            </rateSpec>
            <sti>0</sti>
          </rates>
          <rates type="sltp.mm.core.Rate" uuid="cdd6818c-589a-48f8-8a4f-4cabdd2af598">
            <annotation>FiM</annotation>
            <color>-2139062017</color>
            <rateSpec type="sltp.mm.core.RateSpec">
              <offset>1.0</offset>
              <period>0.0</period>
            </rateSpec>
            <sti>1</sti>
          </rates>
          <rates type="sltp.mm.core.Rate" uuid="c5bae5c8-3a7b-44d1-be0d-041a1ebdd120">
            <annotation>V1</annotation>
            <color>-1507120129</color>
            <hasBlocks>true</hasBlocks>
            <rateSpec type="sltp.mm.core.RateSpec">
              <period>-2.0</period>
            </rateSpec>
            <sti>2</sti>
          </rates>
        </tasks>
      </subgraph>
    </rootTask>
  </sltp.mm.core.Context>
</sltp_graph>