<?xml version="1.0" encoding="UTF-8"?>
<sltp_editor version="1.1" packageUris="http://schema.mathworks.com/mf0/DiagramEditor/R2019a_20181107 http://schema.mathworks.com/mf0/SltpSyntax/R2020b_202007092240">
  <sltp.mm.syntax.Context type="sltp.mm.syntax.Context" uuid="ca75a3b9-166a-4c06-96c0-b1ca29747c73">
    <rootGraph type="sltp.mm.syntax.Graph" uuid="9d6ad5d9-9358-465d-9436-18edc3385aee">
      <children type="sltp.mm.syntax.Node" uuid="59ff39b3-89ea-4c1e-ab9e-c52e9753cde6">
        <priority>40</priority>
        <rates type="sltp.mm.syntax.RateData">
          <color>#000000</color>
          <hasBlocks>true</hasBlocks>
          <rate>0</rate>
          <title>Cont</title>
        </rates>
        <rates type="sltp.mm.syntax.RateData">
          <color>#808080</color>
          <rate>[0, 1]</rate>
          <title>FiM</title>
        </rates>
        <rates type="sltp.mm.syntax.RateData">
          <color>#a62b2b</color>
          <hasBlocks>true</hasBlocks>
          <rate>-2</rate>
          <title>V1</title>
        </rates>
        <title>Cont</title>
        <type>base</type>
        <diagramElement type="diagram.editor.model.Entity" uuid="d6dacb28-81df-40e1-b337-4013c206390d"/>
        <subgraph type="sltp.mm.syntax.Graph" uuid="c588cd83-20ad-49bb-a5ef-42549c9b2fbb">
          <title>Cont</title>
          <diagramElement type="diagram.editor.model.Diagram" uuid="1b9362b2-dfa2-4ad9-9c21-7a2d210c01e3"/>
        </subgraph>
      </children>
      <title>Default</title>
      <diagramElement type="diagram.editor.model.Diagram" uuid="7046de32-678c-445f-8b12-bc9814811d25"/>
    </rootGraph>
  </sltp.mm.syntax.Context>
  <diagram.editor.model.Diagram type="diagram.editor.model.Diagram" uuid="7046de32-678c-445f-8b12-bc9814811d25">
    <entities type="diagram.editor.model.Entity" uuid="d6dacb28-81df-40e1-b337-4013c206390d">
      <position>0,0</position>
      <size>0,0,0,0</size>
      <syntaxElement type="sltp.mm.syntax.Node" uuid="59ff39b3-89ea-4c1e-ab9e-c52e9753cde6"/>
      <title>Cont</title>
      <type>base</type>
      <subDiagram type="diagram.editor.model.Diagram" uuid="1b9362b2-dfa2-4ad9-9c21-7a2d210c01e3">
        <position>0,0</position>
        <syntaxElement type="sltp.mm.syntax.Graph" uuid="c588cd83-20ad-49bb-a5ef-42549c9b2fbb"/>
        <title>Cont</title>
        <type>graph.Graph</type>
      </subDiagram>
    </entities>
    <syntaxElement type="sltp.mm.syntax.Graph" uuid="9d6ad5d9-9358-465d-9436-18edc3385aee"/>
    <title>Default</title>
    <type>graph.Graph</type>
  </diagram.editor.model.Diagram>
</sltp_editor>