<?xml version="1.0" encoding="utf-8"?>
<System>
  <P Name="Location">[0, 0, 1366, 740]</P>
  <P Name="SystemRect">[0.000000, 0.000000, 0.000000, 0.000000]</P>
  <P Name="SetExecutionDomain">off</P>
  <P Name="ExecutionDomainType">Deduce</P>
  <P Name="ZoomFactor">50</P>
  <P Name="SimulinkSubDomain">Simulink</P>
  <Block BlockType="Inport" Name="F" SID="34">
    <P Name="Position">[-355, 288, -325, 302]</P>
    <P Name="ZOrder">-1</P>
  </Block>
  <Block BlockType="Gain" Name="Gain1" SID="12">
    <P Name="Position">[-40, 135, -10, 165]</P>
    <P Name="ZOrder">34</P>
    <P Name="BlockMirror">on</P>
    <P Name="NameLocation">top</P>
    <P Name="Gain">m*l</P>
  </Block>
  <Block BlockType="Gain" Name="Gain2" SID="17">
    <P Name="Position">[-5, 225, 25, 255]</P>
    <P Name="ZOrder">38</P>
    <P Name="BlockMirror">on</P>
    <P Name="NameLocation">top</P>
    <P Name="Gain">-m*l</P>
  </Block>
  <Block BlockType="Gain" Name="Gain3" SID="18">
    <P Name="Position">[35, 315, 65, 345]</P>
    <P Name="ZOrder">39</P>
    <P Name="BlockMirror">on</P>
    <P Name="NameLocation">top</P>
    <P Name="Gain">-b</P>
  </Block>
  <Block BlockType="Gain" Name="Gain4" SID="21">
    <P Name="Position">[-135, 240, -105, 270]</P>
    <P Name="ZOrder">41</P>
    <P Name="BlockMirror">on</P>
    <P Name="NameLocation">top</P>
    <P Name="Gain">1/(M+m)</P>
    <Port>
      <P Name="PortNumber">1</P>
      <P Name="Name">x2p</P>
    </Port>
  </Block>
  <Block BlockType="Gain" Name="Gain5" SID="22">
    <P Name="Position">[75, 410, 105, 440]</P>
    <P Name="ZOrder">42</P>
    <P Name="BlockMirror">on</P>
    <P Name="NameLocation">top</P>
    <P Name="Gain">m*g*l</P>
  </Block>
  <Block BlockType="Gain" Name="Gain6" SID="24">
    <P Name="Position">[-5, 495, 25, 525]</P>
    <P Name="ZOrder">44</P>
    <P Name="BlockMirror">on</P>
    <P Name="NameLocation">top</P>
    <P Name="Gain">-m*l</P>
  </Block>
  <Block BlockType="Gain" Name="Gain7" SID="26">
    <P Name="Position">[-115, 450, -85, 480]</P>
    <P Name="ZOrder">46</P>
    <P Name="BlockMirror">on</P>
    <P Name="NameLocation">top</P>
    <P Name="Gain">1/(J+m*l*l)</P>
    <Port>
      <P Name="PortNumber">1</P>
      <P Name="Name">x4p</P>
    </Port>
  </Block>
  <Block BlockType="Integrator" Name="Integrator" SID="2">
    <P Name="Ports">[1, 1]</P>
    <P Name="Position">[75, -175, 105, -145]</P>
    <P Name="ZOrder">28</P>
    <P Name="NameLocation">top</P>
    <Port>
      <P Name="PortNumber">1</P>
      <P Name="Name">x1</P>
    </Port>
  </Block>
  <Block BlockType="Integrator" Name="Integrator1" SID="6">
    <P Name="Ports">[1, 1]</P>
    <P Name="Position">[75, -115, 105, -85]</P>
    <P Name="ZOrder">29</P>
    <Port>
      <P Name="PortNumber">1</P>
      <P Name="Name">x2</P>
    </Port>
  </Block>
  <Block BlockType="Integrator" Name="Integrator2" SID="9">
    <P Name="Ports">[1, 1]</P>
    <P Name="Position">[75, -35, 105, -5]</P>
    <P Name="ZOrder">30</P>
    <P Name="NameLocation">top</P>
    <Port>
      <P Name="PortNumber">1</P>
      <P Name="Name">x3</P>
    </Port>
  </Block>
  <Block BlockType="Integrator" Name="Integrator3" SID="10">
    <P Name="Ports">[1, 1]</P>
    <P Name="Position">[75, 25, 105, 55]</P>
    <P Name="ZOrder">31</P>
    <Port>
      <P Name="PortNumber">1</P>
      <P Name="Name">x4</P>
    </Port>
  </Block>
  <Block BlockType="Product" Name="Product1" SID="13">
    <P Name="Ports">[2, 1]</P>
    <P Name="Position">[125, 77, 155, 108]</P>
    <P Name="ZOrder">33</P>
    <P Name="BlockMirror">on</P>
    <P Name="NameLocation">top</P>
  </Block>
  <Block BlockType="Product" Name="Product2" SID="14">
    <P Name="Ports">[2, 1]</P>
    <P Name="Position">[15, 132, 45, 163]</P>
    <P Name="ZOrder">35</P>
    <P Name="BlockMirror">on</P>
    <P Name="NameLocation">top</P>
  </Block>
  <Block BlockType="Product" Name="Product3" SID="16">
    <P Name="Ports">[2, 1]</P>
    <P Name="Position">[55, 222, 85, 253]</P>
    <P Name="ZOrder">37</P>
    <P Name="BlockMirror">on</P>
    <P Name="NameLocation">top</P>
  </Block>
  <Block BlockType="Product" Name="Product4" SID="23">
    <P Name="Ports">[2, 1]</P>
    <P Name="Position">[60, 492, 90, 523]</P>
    <P Name="ZOrder">43</P>
    <P Name="BlockMirror">on</P>
    <P Name="NameLocation">top</P>
  </Block>
  <Block BlockType="Sum" Name="Sum1" SID="19">
    <P Name="Ports">[4, 1]</P>
    <P Name="Position">[-70, 245, -50, 265]</P>
    <P Name="ZOrder">40</P>
    <P Name="BlockMirror">on</P>
    <P Name="NameLocation">top</P>
    <P Name="Inputs">++++</P>
  </Block>
  <Block BlockType="Sum" Name="Sum2" SID="25">
    <P Name="Ports">[2, 1]</P>
    <P Name="Position">[-25, 455, -5, 475]</P>
    <P Name="ZOrder">45</P>
    <P Name="BlockMirror">on</P>
    <P Name="NameLocation">top</P>
  </Block>
  <Block BlockType="Trigonometry" Name="Trigonometric&#xA;Function" SID="11">
    <P Name="Ports">[1, 1]</P>
    <P Name="Position">[160, 140, 190, 170]</P>
    <P Name="ZOrder">32</P>
    <P Name="BlockMirror">on</P>
    <P Name="NameLocation">top</P>
  </Block>
  <Block BlockType="Trigonometry" Name="Trigonometric&#xA;Function1" SID="15">
    <P Name="Ports">[1, 1]</P>
    <P Name="Position">[160, 230, 190, 260]</P>
    <P Name="ZOrder">36</P>
    <P Name="BlockMirror">on</P>
    <P Name="NameLocation">top</P>
    <P Name="Operator">cos</P>
  </Block>
  <Block BlockType="Outport" Name="x" SID="35">
    <P Name="Position">[525, -167, 555, -153]</P>
    <P Name="ZOrder">-2</P>
  </Block>
  <Block BlockType="Outport" Name="x_p" SID="36">
    <P Name="Position">[525, -107, 555, -93]</P>
    <P Name="ZOrder">47</P>
    <P Name="Port">2</P>
  </Block>
  <Block BlockType="Outport" Name="theta" SID="37">
    <P Name="Position">[525, -27, 555, -13]</P>
    <P Name="ZOrder">48</P>
    <P Name="Port">3</P>
  </Block>
  <Block BlockType="Outport" Name="theta_p" SID="38">
    <P Name="Position">[525, 33, 555, 47]</P>
    <P Name="ZOrder">49</P>
    <P Name="Port">4</P>
  </Block>
  <Line>
    <P Name="ZOrder">2</P>
    <P Name="Src">17#out:1</P>
    <P Name="Points">[-19, 0; 0, 3]</P>
    <P Name="Dst">19#in:2</P>
  </Line>
  <Line>
    <P Name="ZOrder">3</P>
    <P Name="Src">16#out:1</P>
    <P Name="Dst">17#in:1</P>
  </Line>
  <Line>
    <P Name="ZOrder">6</P>
    <P Name="Src">15#out:1</P>
    <P Name="Points">[-7, 0]</P>
    <Branch>
      <P Name="ZOrder">5</P>
      <P Name="Points">[0, 255]</P>
      <P Name="Dst">23#in:1</P>
    </Branch>
    <Branch>
      <P Name="ZOrder">4</P>
      <P Name="Dst">16#in:2</P>
    </Branch>
  </Line>
  <Line>
    <P Name="Name">x1</P>
    <P Name="ZOrder">50</P>
    <P Name="Labels">[0, 0]</P>
    <P Name="Src">2#out:1</P>
    <P Name="Dst">35#in:1</P>
  </Line>
  <Line>
    <P Name="ZOrder">8</P>
    <P Name="Src">14#out:1</P>
    <P Name="Dst">12#in:1</P>
  </Line>
  <Line>
    <P Name="ZOrder">9</P>
    <P Name="Src">12#out:1</P>
    <P Name="Points">[-15, 0]</P>
    <P Name="Dst">19#in:1</P>
  </Line>
  <Line>
    <P Name="ZOrder">10</P>
    <P Name="Src">23#out:1</P>
    <P Name="Dst">24#in:1</P>
  </Line>
  <Line>
    <P Name="Name">x2</P>
    <P Name="ZOrder">15</P>
    <P Name="Src">6#out:1</P>
    <P Name="Points">[30, 0]</P>
    <Branch>
      <P Name="ZOrder">14</P>
      <P Name="Labels">[1, 1; 3, 0]</P>
      <P Name="Points">[0, -30; -121, 0; 0, -30]</P>
      <P Name="Dst">2#in:1</P>
    </Branch>
    <Branch>
      <P Name="ZOrder">13</P>
      <P Name="Points">[115, 0]</P>
      <Branch>
        <P Name="ZOrder">51</P>
        <P Name="Dst">36#in:1</P>
      </Branch>
      <Branch>
        <P Name="ZOrder">11</P>
        <P Name="Points">[0, 430]</P>
        <P Name="Dst">18#in:1</P>
      </Branch>
    </Branch>
  </Line>
  <Line>
    <P Name="ZOrder">16</P>
    <P Name="Src">13#out:1</P>
    <P Name="Points">[-6, 0; 0, 45]</P>
    <P Name="Dst">14#in:1</P>
  </Line>
  <Line>
    <P Name="Name">x2p</P>
    <P Name="ZOrder">19</P>
    <P Name="Src">21#out:1</P>
    <P Name="Points">[-43, 0; 0, -355; 210, 0]</P>
    <Branch>
      <P Name="ZOrder">18</P>
      <P Name="Points">[0, 40; 270, 0; 0, 575]</P>
      <P Name="Dst">23#in:2</P>
    </Branch>
    <Branch>
      <P Name="ZOrder">17</P>
      <P Name="Labels">[1, 0]</P>
      <P Name="Dst">6#in:1</P>
    </Branch>
  </Line>
  <Line>
    <P Name="ZOrder">22</P>
    <P Name="Src">11#out:1</P>
    <P Name="Points">[-25, 0]</P>
    <Branch>
      <P Name="ZOrder">21</P>
      <P Name="Points">[0, 270]</P>
      <P Name="Dst">22#in:1</P>
    </Branch>
    <Branch>
      <P Name="ZOrder">20</P>
      <P Name="Dst">14#in:2</P>
    </Branch>
  </Line>
  <Line>
    <P Name="ZOrder">23</P>
    <P Name="Src">19#out:1</P>
    <P Name="Dst">21#in:1</P>
  </Line>
  <Line>
    <P Name="Name">x4</P>
    <P Name="ZOrder">30</P>
    <P Name="Src">10#out:1</P>
    <P Name="Points">[30, 0]</P>
    <Branch>
      <P Name="ZOrder">29</P>
      <P Name="Points">[39, 0]</P>
      <Branch>
        <P Name="ZOrder">53</P>
        <P Name="Dst">38#in:1</P>
      </Branch>
      <Branch>
        <P Name="ZOrder">27</P>
        <P Name="Points">[0, 45]</P>
        <Branch>
          <P Name="ZOrder">26</P>
          <P Name="Points">[0, 15]</P>
          <P Name="Dst">13#in:2</P>
        </Branch>
        <Branch>
          <P Name="ZOrder">25</P>
          <P Name="Dst">13#in:1</P>
        </Branch>
      </Branch>
    </Branch>
    <Branch>
      <P Name="ZOrder">24</P>
      <P Name="Labels">[1, 1; 3, 0]</P>
      <P Name="Points">[0, -30; -121, 0; 0, -30]</P>
      <P Name="Dst">9#in:1</P>
    </Branch>
  </Line>
  <Line>
    <P Name="Name">x4p</P>
    <P Name="ZOrder">33</P>
    <P Name="Labels">[3, 1]</P>
    <P Name="Src">26#out:1</P>
    <P Name="Points">[-22, 0; 0, -425; 191, 0]</P>
    <Branch>
      <P Name="ZOrder">32</P>
      <P Name="Points">[0, 55; 54, 0; 0, 135]</P>
      <P Name="Dst">16#in:1</P>
    </Branch>
    <Branch>
      <P Name="ZOrder">31</P>
      <P Name="Dst">10#in:1</P>
    </Branch>
  </Line>
  <Line>
    <P Name="Name">x3</P>
    <P Name="ZOrder">38</P>
    <P Name="Labels">[1, 1]</P>
    <P Name="Src">9#out:1</P>
    <P Name="Points">[106, 0]</P>
    <Branch>
      <P Name="ZOrder">52</P>
      <P Name="Dst">37#in:1</P>
    </Branch>
    <Branch>
      <P Name="ZOrder">36</P>
      <P Name="Points">[0, 175]</P>
      <Branch>
        <P Name="ZOrder">35</P>
        <P Name="Points">[0, 90]</P>
        <P Name="Dst">15#in:1</P>
      </Branch>
      <Branch>
        <P Name="ZOrder">34</P>
        <P Name="Dst">11#in:1</P>
      </Branch>
    </Branch>
  </Line>
  <Line>
    <P Name="ZOrder">39</P>
    <P Name="Src">18#out:1</P>
    <P Name="Points">[-59, 0; 0, -63]</P>
    <P Name="Dst">19#in:3</P>
  </Line>
  <Line>
    <P Name="ZOrder">40</P>
    <P Name="Src">24#out:1</P>
    <P Name="Points">[-5, 0]</P>
    <P Name="Dst">25#in:2</P>
  </Line>
  <Line>
    <P Name="ZOrder">44</P>
    <P Name="Src">34#out:1</P>
    <P Name="Points">[260, 0]</P>
    <P Name="Dst">19#in:4</P>
  </Line>
  <Line>
    <P Name="ZOrder">42</P>
    <P Name="Src">25#out:1</P>
    <P Name="Dst">26#in:1</P>
  </Line>
  <Line>
    <P Name="ZOrder">43</P>
    <P Name="Src">22#out:1</P>
    <P Name="Points">[-85, 0]</P>
    <P Name="Dst">25#in:1</P>
  </Line>
</System>
