<?xml version="1.0" encoding="UTF-8" standalone="yes" ?><cp:coreProperties xmlns:cp="http://schemas.openxmlformats.org/package/2006/metadata/core-properties" xmlns:dc="http://purl.org/dc/elements/1.1/" xmlns:dcmitype="http://purl.org/dc/dcmitype/" xmlns:dcterms="http://purl.org/dc/terms/" xmlns:xsi="http://www.w3.org/2001/XMLSchema-instance"><cp:category>model</cp:category><dcterms:created xsi:type="dcterms:W3CDTF">2021-09-06T00:30:04Z</dcterms:created><dc:creator>taffarel55</dc:creator><cp:lastModifiedBy>taffarel55</cp:lastModifiedBy><dcterms:modified xsi:type="dcterms:W3CDTF">2021-10-14T05:32:28Z</dcterms:modified><cp:revision>1.7</cp:revision><cp:version>R2021a</cp:version></cp:coreProperties>